{"cameraMode":{"drawMode":0,"name":"Shaded","section":"Shading Mode"},"sceneLighting":true,"audioPlay":false,"sceneViewState":{"showFog":true,"showMaterialUpdate":false,"showSkybox":true,"showFlares":true,"showImageEffects":true,"showParticleSystems":true,"showVisualEffectGraphs":true,"m_FxEnabled":true},"in2DMode":false,"pivot":{"x":-9.979817390441895,"y":-9.453619956970215,"z":163.9103546142578},"rotation":{"x":-0.056752756237983707,"y":0.13496248424053193,"z":-0.007742649409919977,"w":-0.9891919493675232},"size":198.38742065429688,"orthographic":false}