{"cameraMode":{"drawMode":0,"name":"Shaded","section":"Shading Mode"},"sceneLighting":true,"audioPlay":false,"sceneViewState":{"showFog":true,"showMaterialUpdate":false,"showSkybox":true,"showFlares":true,"showImageEffects":true,"showParticleSystems":true,"showVisualEffectGraphs":true,"m_FxEnabled":true},"in2DMode":false,"pivot":{"x":9.219279289245606,"y":-37.60927200317383,"z":153.86691284179688},"rotation":{"x":-0.11084497720003128,"y":0.06465122103691101,"z":-0.0072257257997989658,"w":-0.9917069673538208},"size":142.0714569091797,"orthographic":false}